length,reward,energy
5,35.503966695522614,5.451192861007162
4,25.727325603425346,-30.776720133661783
10,81.69181334099183,60.362912253792196
5,35.5253267692352,-1.3104035605609603
9,72.35323488658939,41.38457854970667
6,44.16569679221275,-22.93030092632331
6,44.75612095478616,13.034109571554009
6,44.685318620386475,37.29964766759682
6,44.1987037491099,28.642259031907376
5,35.49005772764429,8.676882658992836
5,35.60574292684852,10.780524193844332
4,26.24914175499042,-12.845053400063128
7,53.728968233784336,7.634318682150408
6,44.33238685212423,3.6676008081698637
4,25.98378370822861,-19.38738570948164
5,35.345793863188824,0.9997726482670668
6,45.05443568737998,10.488996357191539
4,25.490762033747288,-40.53240828230561
4,25.787886423693497,-32.8095663294582
6,44.136529067498756,-3.1224719401149557
7,54.05872429690224,22.275297127611346
8,63.260872861494114,8.71110434377847
5,35.21858871122558,10.29228677547412
6,44.58545456730168,36.91467886512098
5,35.18366017831637,10.595982861673606
6,44.95334784493242,17.860421633688585
5,34.96848403180578,-2.591760420387658
7,53.91009434384453,28.56965713142055
4,26.190481908541592,-12.925794286727395
5,35.06923502664661,-16.612056422254376
10,81.20988743859265,56.940633118217406
5,35.51717719631303,8.202459953931871
5,35.467704883638426,13.060708643755445
5,35.27940299024735,-8.755298044243697
6,44.72440231363999,23.459655089130685
5,35.18890916254693,-36.46007184900401
11,91.18668109397437,85.98308513209565
6,44.59553548356921,15.41409979756732
7,53.90430086701132,30.17898809598737
5,35.350465235038214,-14.418424036107613
9,72.1313136450709,53.527385400495646
6,44.0415929076556,3.6156205147563423
7,53.46976318630341,34.54418598409171
5,34.93229628746326,-10.363701122432573
6,44.35517615789991,-9.045096730386573
4,25.655465566439215,-64.07521545234229
7,54.02609039520679,30.450591833847017
4,25.837626571551375,-41.2283007612517
7,53.54422810319976,0.3925403955745068
6,44.36924774242137,24.282012406085123
5,35.00114016967565,-23.521296086459365
7,53.42346513577273,29.032458756329497
5,35.17090228036309,-11.20552592233066
6,44.662127724105204,22.763739600747353
5,35.28548941852318,7.707461560425564
6,44.175427594097584,-1.39218997816441
8,63.46043434444403,44.66247322655488
5,35.1566844176749,-8.897269260876254
4,26.164956150629358,-19.887353926234944
7,53.57860549825746,21.27928909941027
6,44.24189007549999,-9.982348856409287
4,25.82430666782612,-37.261045652075595
7,54.02226957662129,19.018160133229628
5,35.24797986700452,-14.26407175763486
7,54.250210820062286,20.624515009127656
5,35.26889706072011,-10.179371085108393
6,44.32071880291254,16.139588744567302
9,72.6681309135548,57.26431400325081
4,25.85906999543821,-29.414173736612618
8,63.28322869372803,59.15086923641872
7,53.75889328235017,24.30956849196113
6,44.09210299182632,9.353327242110053
4,26.00194285828427,-31.852866291329175
6,44.57362503912625,5.566848052730443
6,44.52327065115575,27.93077677495471
4,26.00832970111209,-9.2881711947545
10,81.47490505050109,64.96319523336427
9,72.84889563362263,52.10642564303503
5,35.238600117070035,4.00787883392055
5,34.9947931927395,-24.26254445199381
8,62.9758910582748,32.43658935423134
7,54.14843527847579,54.521796994318294
12,100.24797413410083,37.18060585864088
6,44.487787908910356,23.24455199687939
7,53.71241108542964,0.2592480815951692
7,53.60023379288718,21.8365432014264
5,35.34127756837865,-23.28655544872609
5,35.42979122554052,17.05641936049614
5,35.04760296540543,-12.33932460152451
4,25.954637905558588,-28.72601784059194
5,35.164881924058534,-13.964967368131035
6,44.445057124039806,6.144674141297617
6,44.181435929017354,0.3004771685288876
8,62.88772375033778,20.15456516552478
7,54.22702581357329,26.255370420027436
4,26.212587354440085,-9.57709196292201
8,63.35643470750962,49.60217688554545
4,26.028668843283597,-6.072794744560114
5,35.4315550200102,-0.8655223189307772
5,35.07582230869224,-17.25100588709026
4,25.929217609016106,-33.111908511710425
7,53.44947416889109,14.092704366270368
5,35.18950726214677,-4.139397300947687
5,34.64315968156413,-22.774179024068868
7,53.56102992564027,15.346020942670553
4,26.018862245784888,-4.272911752227353
4,25.84127389341427,-21.2543540428144
4,26.18360372112132,-23.636928886731837
4,25.916899783436914,-11.635003073304658
5,35.201701284879775,-10.752582469986766
5,34.974371854292436,-6.668058901977128
7,53.818312745289646,38.56634837139156
6,44.229467048582954,22.486087856476924
8,63.58583402001156,63.60390245823344
5,35.23244848919698,-11.383911952342498
5,35.066075342252304,-8.373033214204488
4,26.013030245179657,-15.504622300815242
6,44.457261743280796,14.043806562563322
8,63.44138956271649,64.91860705660528
5,35.43446541493285,4.959941534907856
4,25.878926680088377,-37.83564089006981
8,63.24685311674261,54.65920545813464
5,35.36023359281201,-13.69873991558656
4,26.250932962883034,0.34832182368746967
4,25.678163311546854,-41.41902794645992
7,54.05711646322099,9.108018816992367
10,81.5076359468388,72.10742164473093
6,44.671939756350454,23.249253413581734
5,35.03761661235464,-13.959739792112735
5,35.636889862168594,-9.026874778787509
5,35.15316899719651,0.9352445958155595
8,62.73408056031958,25.640018641364115
5,35.23259609685194,-13.197355755316796
6,44.116319736143616,14.026296195631948
4,26.08262744965694,-31.1376914344055
4,26.011976109222605,-13.099859527397818
6,44.104057547940926,7.874297429605891
9,72.69406259191693,75.07535845018762
4,25.85435390526676,-26.58800705063043
5,35.25204901047342,-7.568725791391335
14,119.21238408876407,98.18027638290266
7,53.5940028524657,20.91588833686242
5,35.238246267048254,6.4916726990063065
5,34.977063969406316,4.1232875843752055
7,53.958366501134336,14.290246494462233
6,44.61188727935301,6.627587857829814
4,26.16470819369012,-10.053710558691485
5,34.9220703332164,-17.271075094091405
7,53.915534579724756,49.964107994165715
5,35.36334640924246,-15.8601110585758
7,53.631708464360344,31.636554247687506
4,26.271023449980458,-9.01316353387423
6,44.46819089603446,9.386644864518612
6,44.163417889879845,-10.826420051791313
4,25.347892395687364,-61.54607620413872
4,25.810958285411118,-33.5413308269376
6,44.78314238737538,28.47740608956164
8,63.277226943333794,61.67869644180711
7,53.45408850125689,24.361573190719295
9,72.53279516137687,47.96130728090826
6,44.326756793432,6.297584700526771
6,44.52678582572934,21.01881500985435
4,25.999811571313064,-3.012465000466852
8,62.52678669540667,37.193115323822084
8,62.77250944195216,37.18220088551509
7,54.19014010794425,59.08162444720738
5,35.23520112115205,-14.490834068290278
5,35.24995080555929,8.124964385677742
4,26.224434189717037,-16.3243349925199
7,53.39829092463073,34.41705904462837
5,35.63754196385379,11.352339888920017
7,53.60604112380131,46.804392723129595
4,25.927235881422853,-10.344320841084812
5,34.885379009112604,-2.2979362351587724
5,35.48115101499103,1.8450066382166455
6,44.51469852988253,-6.426344549769945
9,72.13834538275397,60.76326787746006
4,26.00103801986112,-28.234572626083132
6,44.51494727188615,4.595759312563384
10,82.06551659898146,79.54577008116698
5,35.61757614769057,4.627317393818954
10,81.7797809593597,4.906015019481043
5,35.45003060004075,10.09126110726881
7,53.96396024158032,29.24983403193928
10,81.93910630688316,53.31774878754818
7,53.69712716835569,18.586282674697536
4,25.880506052186753,-17.613561001911837
5,35.39709698219301,10.41675453952534
8,63.350179310913035,2.738871271242452
6,44.62242243579441,37.79251593023126
6,44.2547699450068,22.851843293303077
9,72.80086532259064,75.7592659712375
5,34.87948396774603,-37.04466360602909
7,53.92478030538314,39.566634268768794
4,26.25186640021871,-15.603206637523037
5,35.141179298518615,5.235836329258719
8,63.069561163179465,60.25675878606258
4,25.668618602475686,-30.28284978694335
8,63.09067352452918,32.56656561051777
7,53.67463531425433,41.410718823135966
6,44.570356267123934,27.982722877188344
9,72.00609796301389,52.5179232717428
6,44.963478928853675,4.084732956111829
5,35.43222140294952,3.9277146373250975
8,63.512312976032455,56.13528090744394
4,26.034224759118292,-25.469658274338798
6,44.53219007407774,8.48350910494073
7,53.51256858154489,28.036700746088542
6,43.915241140608224,12.495104627879812
6,44.448446052953734,24.820601434991435
6,44.722163414268,20.278095944246314
5,35.22444937942576,12.333033972451851
5,34.971906365210636,-12.142847318067197
8,63.266739391509574,63.67600836531725
10,82.28935108215212,60.3748366842363
8,62.680070710963356,35.211516320240285
6,44.82771441272487,25.651755313084657
5,34.96860822421475,-14.448113217719635
6,44.43008180600025,23.40941116261906
6,44.23701887304271,12.404003725656445
8,62.57873528511658,-1.9529955587159904
6,44.38551035253607,18.421653063420578
5,35.15248934770697,-6.362543799187998
6,44.38434967582883,22.165632273192273
10,81.4793599369891,79.88665554133138
6,44.9983423327031,-1.0473119421371422
11,91.03704283536113,58.94018363732107
7,53.793559846470416,39.51668885871705
6,44.61547383882106,17.065039338460156
8,62.92221272200461,31.016252359193146
6,44.55446545499415,38.58341293191575
4,26.073966247257083,-26.05666286755855
4,25.970384010680394,-9.665736132624723
6,44.369373996487376,-27.874195513008083
6,44.89216890619528,7.505467786527561
5,35.11976066015829,-4.179167051769156
5,35.15835479478121,1.1807964334319818
4,25.748704913456876,-23.98681109313563
4,26.0547894347355,-32.912065384157145
6,44.21530422973628,-0.7789650322733497
5,34.77712530162753,-12.093745272260136
6,44.60243779011823,14.931335254688177
8,63.51089890614265,71.58962166758722
4,26.060289760089454,-16.11451655314022
7,53.65327012945757,22.661858089508
13,109.19750935106596,111.8005621476471
5,35.34970951975149,3.1954984889364386
5,35.04290568502762,-6.267674037652125
12,100.15592903792816,103.59491910083743
7,53.799684196999614,36.64845181289819
7,53.89192383795028,13.361691022424154
6,44.33064621316938,7.959807036307357
5,34.96899868726969,-14.471257146100632
5,35.25395425295109,-5.350155475031139
7,54.12131920246748,24.828629890617485
7,54.191558362618096,7.382571767274236
4,26.23734690387178,-20.24321640863233
4,26.162616776646434,-12.643536520429851
11,91.20825260850368,45.660163770649675
6,44.55923686137069,26.360346948219433
5,35.63692376349956,7.230538469619919
8,62.76927171959138,49.33049184887415
11,91.1592343701551,102.05013465472953
9,72.35024905644588,52.92382920806391
4,25.868639783615755,-16.513533039534074
5,34.912929978867005,-6.441027738914569
5,35.35309352103577,17.42975595911065
4,26.20824140304747,-3.7767317948881622
5,35.4361736513868,9.403030280002897
5,35.59207989537027,1.1258713737155848
4,25.94441912576617,-24.898549240933015
5,35.1650552856735,-6.378500640340923
6,44.74289697028367,7.484660903192225
5,35.59853569455052,-7.756665849624071
5,35.048794077435815,-6.355174732453294
6,44.53900521228717,-3.3864876240100905
5,35.01680951941837,-25.422830292363894
4,26.19252346325921,-13.909255561521059
7,53.929484615873285,22.828367665494106
7,54.09180420903966,4.346112471682137
5,35.13870804951499,-5.377584650632863
6,44.5612008621209,23.576025373285507
4,25.956715476265526,-29.494312176830906
12,100.70999344559597,111.43703514719513
4,26.1132305554533,1.5370723333919107
6,44.43526377819331,-9.341753540058125
9,72.27880845074492,55.697723589710705
9,72.90508782162996,56.776987889973455
12,98.96586852675924,50.97067213001334
8,63.647556150245116,25.540836562806575
9,72.11111157717278,61.61730096297458
6,44.257301158390774,1.38256907225011
6,44.53139494294172,29.540476529673715
8,62.80299099858659,57.41298585810934
6,45.03284524036889,13.057595293513714
8,63.448684042250385,40.30042218028822
5,35.47114831749575,3.3348538678878477
8,63.269214697458395,39.07722073409569
5,35.09878397695654,-23.605084309582185
10,81.60236684586154,72.62862036480732
7,53.852348780390116,21.46574130492091
5,34.708881599408315,-16.267528288010766
7,53.96252040127379,-5.154062729340151
6,44.64963849863856,23.815300502296047
4,25.486613481152276,-65.71977706063439
5,35.46844074400174,15.034348618834475
9,71.97535094553729,57.17425551528916
6,44.719929983728846,6.131233840608104
6,44.732683380182685,-15.64114023504668
8,63.146252223642264,62.1394945688987
4,25.816322917070742,-15.81978194835737
5,34.88611457142184,-6.868315116891416
5,35.385618999765846,16.30136554112907
4,26.065623602815947,-18.116862953529374
5,35.29702768696157,8.113801368014727
5,35.33439216466678,17.368987595527024
4,26.11427716052887,-25.833673709239545
12,100.14047088937433,89.00508360869772
4,25.839298121669746,-28.381371450281648
5,34.88730181812212,-9.032172638902683
6,44.177664060628885,15.427325709059506
10,81.72127924473352,86.01131175602154
10,82.18300740418725,71.88317213403785
4,26.008052338783315,-14.938580364708875
5,35.26463205959046,4.954800216853332
5,35.20023243279161,-16.352781234159053
9,72.7786098281398,41.4439914874057
6,44.2051452496189,-12.15917535076419
7,53.84920832732472,-4.717742129133523
10,81.70352624149805,45.08152545963004
4,26.12647021150605,0.49290477494573715
6,44.39825654526445,-10.796034526403457
4,26.08582265610156,-7.240661414460601
9,72.5737853050134,83.57567385773737
5,34.73149757273706,-20.42077357230764
5,35.27004832609914,17.62495493705994
8,63.23696371495209,55.688220409490626
6,44.82569069139204,35.4363298975204
9,72.63239187329015,52.21056543166793
5,35.56608711759731,17.008471379964156
4,26.077776178997816,-21.15637678914021
6,44.83444523913115,7.032792845776012
5,35.30497834117277,5.8743955183717205
7,53.57632897492089,18.173349468530773
4,26.06801773627112,-27.840729566598682
5,35.2348454165563,-12.015270721292415
4,26.165540637513693,-30.513639995968767
4,25.902761630746866,-38.317061268577675
6,45.04551748411904,11.416779668826123
6,44.524757471027996,12.226253815342044
4,26.029190959479436,-9.13071529300425
7,53.63694560400168,37.322696152428954
5,35.27230580733562,-13.664295618464957
7,53.96691680508978,37.56904116807674
6,44.45824142257036,-2.0108142901916963
6,44.89974065348647,7.371270583790178
7,53.432760289242495,34.26963460753775
7,53.714029772645254,32.32256078094279
5,35.21689639388029,-7.217870704200284
5,34.6841998026562,-19.99495865285319
14,119.08921879905026,116.95104424813962
6,44.30675610416976,15.102334300565143
6,44.28533755974746,-2.3516161257272294
12,99.70261682663659,76.17036711860976
5,35.37143761158685,0.7302343944585417
10,82.0575356323237,33.0452919456053
6,44.352781234653726,11.42875711335039
8,63.33377355115579,54.43128744816042
5,35.121482948656215,3.2580303864623263
5,35.01478222020098,5.56326210301352
8,63.394387647177,53.983018565191365
7,53.99483944034777,51.52544090024997
8,63.28308603225431,60.320176095263584
7,53.593711287808134,12.041859567512569
4,26.30794984368917,-9.30334167560233
5,35.37770798839003,15.110788743065442
6,44.237094347734725,-8.146354370964707
8,63.15975588725864,57.72955459464982
7,53.89038353533781,43.20834895547624
8,62.93397820930114,20.721928435047534
7,53.751459068289066,27.46264914305316
6,44.38923442228803,18.34030364030266
8,63.019720915030206,63.60119979227508
5,35.04993274561405,-10.35125786450023
10,81.36006082738605,15.096818439008565
6,44.12863287883425,-1.515866113298717
6,44.07601014818691,1.5206264717824602
5,35.73122617553265,1.0234970295566086
7,53.66035559821724,32.95431513369004
5,34.819934229352036,-1.5989353746848947
6,44.500881047641855,2.192690164796371
6,44.64775655156122,37.459011631758564
5,35.37623623502027,-13.635414045810585
6,44.914444902531926,20.68222088821971
5,35.30144519245137,7.8212790613814756
10,81.61746044964002,68.72440484609267
12,100.6697245895072,107.51681707219126
5,35.04600429325274,0.54641161713886
5,34.89998138648185,-8.336503403708054
5,34.8673866892362,-14.349680404036306
5,34.93524384213871,-19.112371488594
6,44.325627123515304,3.0358332068355907
7,53.66181221435979,47.471360021048135
8,62.95832430592747,52.07908464106957
4,26.251791974850885,-2.1505484349424115
5,35.24616612580999,-21.282047737475263
4,26.084629135963855,-11.671615231911215
6,44.00756262450286,24.439943764494238
4,25.928085778650043,-41.59891682940755
6,44.8334075046705,21.776496341794036
9,72.61610017368936,42.01152877430407
8,63.26514987020485,41.82625936067614
5,35.226455030083464,14.990131657914883
6,44.5327356468292,26.55797173075712
7,53.59724244938107,8.134283339925652
5,35.521896211850695,-1.5449731286565669
5,35.316948894492114,7.8228620157931905
7,53.60846114710049,-20.492794571697544
7,53.647126749323874,17.424312728759272
6,44.91704196824877,14.201400216496317
8,63.23867964104774,65.74140176571447
7,53.85563876752105,12.664039036750745
6,44.65216531456927,-26.343048286531182
10,81.53105303815236,35.26001826723374
5,35.36343194496089,2.4737318581300807
10,81.76362088359964,71.91653698708573
5,34.854642579955296,-34.41034890591241
5,35.1111606862981,-13.825745110174491
6,44.51521807224377,13.532350707472194
7,53.98249697536949,59.277373286312105
10,81.74854933026184,56.27349751955412
5,35.183385972830834,3.2376213190696905
7,54.02639252762092,40.360917558324196
4,25.509048819902077,-44.60308988682455
8,63.082007169579576,32.64965187679789
5,35.418016844376126,16.399600871659004
6,44.058300193418674,14.957084048621754
6,44.56682357176862,26.49867489757498
7,53.379248353005295,31.16805319089109
7,53.821551708299204,17.687642466231516
7,53.98975387860077,36.00551298424346
7,53.58669753307315,20.34547703598033
4,25.976356461363142,-7.115769413141875
7,54.08025921374633,18.687971989257644
6,44.67085417329092,36.02403118558193
6,44.80199819942261,2.0424584713186533
6,44.71383637025472,40.88091100343504
4,26.204248288771872,-31.935499519607227
9,72.12415350375137,38.06942147346021
9,72.53593141477918,43.261616180874384
5,35.230658984966,16.024265041499692
6,44.53413811684067,-6.095757756094468
6,43.93750338411489,16.291039097490582
7,53.93057211130878,31.191626631593124
4,26.095701799921493,-9.483069419133535
5,35.164656124088324,12.596670212828617
5,34.958308325277955,-19.480270557428536
6,44.2113189892029,2.444483103856948
5,35.40102702881913,-5.050461085748427
8,63.18813603894172,58.59925036945087
8,63.133751106301204,64.98565576939723
5,35.15559176354898,7.666474021636878
6,44.86606967213597,-10.343158481528455
5,35.51932238330015,-4.610163373691549
5,35.34460620012618,1.2211491202409341
5,35.3596330622075,-8.900409801783438
4,25.959778372833263,-23.704868090936245
7,53.60279097782116,30.212702948944717
10,81.79541400978087,63.443718636154614
12,100.94512363424113,106.35509328865552
5,35.211454586845754,13.589948918584668
6,44.80696788674901,21.976765600909875
5,35.27973444711654,-15.687073089010724
5,35.24270541624385,11.18740128813481
7,53.780643828542125,5.0423541277958535
6,44.684836748536306,13.84340930981374
6,44.485056433380294,-3.881039302877949
6,44.495467738194414,2.5678902904390952
9,71.83763026480038,15.193099482738532
6,44.597499104195336,30.823393857229284
5,34.91099738350641,-30.349130190814023
5,34.83171316842278,-9.057942851151584
8,63.07628075882728,44.550936113194126
9,72.31141975815459,38.42336650137834
5,35.60703944268366,6.533290587872891
4,26.063383958318337,-18.312558007551957
7,53.748098756348135,46.01353593678502
8,63.35370857688556,60.2455256685595
6,44.612622695931414,12.335942598284417
5,35.471751285020055,-7.034687293230441
5,35.26236616439242,3.14910263086394
5,35.35820696333643,1.9079973538685202
4,26.063759578504204,-15.838581803061505
8,63.10769378641083,41.90107625058063
8,63.08122500104175,9.662466239994538
11,91.35223998382754,98.59080031755926
5,34.97157771101577,-46.27853395627516
6,44.42661796730614,28.730475622497618
10,82.01609703622425,74.554842115294
6,44.726533691386535,25.583985522842166
7,54.27211023610879,24.786459382634344
5,35.42270236849636,0.027210643484151475
8,62.56946388489278,43.768945187076675
5,35.36141425679156,8.46126656470909
6,44.136939542853085,10.163069298925102
5,35.12189196963852,-4.679846610485007
7,53.44559267411965,-32.52488089389435
4,26.34513748369625,-10.26046529500859
7,53.42367071883667,6.207951859203355
5,35.24071257642584,-30.556945996031757
8,63.41524006120058,43.21168496946405
5,35.18217662869495,-27.503802086455718
7,53.89459192839638,1.8691680913011837
10,81.71717535346389,37.44399267163345
7,52.95467969500478,-43.90850927717388
5,35.36783271827711,7.862898091960948
4,26.161747189550656,-18.66893516710465
9,72.19021005675438,36.20074173435761
6,45.01421714961756,6.393194639529099
8,62.74521913764962,44.89109275207491
5,35.144169390656124,-4.685056955673445
5,35.00405758500962,-20.070208451479907
6,44.46340227450791,7.404894917239375
4,25.97988410801979,-28.377137231051176
6,44.45045358548791,8.56484457353935
8,63.4951810083273,16.466045303222607
6,44.44071681401763,0.1434346365078838
5,34.929397324875715,-14.074113201029
5,35.095330559072806,-2.8080181879642634
6,44.34081360622249,-2.455343611099604
7,53.6222481702404,34.98202245518024
4,25.801207087450017,-38.19130728549379
4,25.60563053193748,-36.215756207549106
5,35.207227436793296,-17.37707248250167
5,34.83585940898915,-14.577079126165675
5,35.59700438939569,6.97423126832223
6,44.694858512832205,1.0167596479042444
8,63.368668184056155,72.21966122311055
6,44.45049538428116,29.2597635914579
4,26.231185216424535,-29.26867072015801
6,44.51577474029481,25.672709801138648
10,81.67054398789294,61.26243825963719
7,54.05658170091407,49.14796447639336
6,44.894374098499966,46.4045629221223
5,35.025751595488806,2.964370210939899
5,35.33793794445978,21.696812597145712
5,35.35556165707876,10.631899242121422
6,44.26842050405482,16.285825012871662
4,25.959475611756265,-38.43728334254051
5,35.583078793118226,5.0799756845386135
5,35.394549236579714,-9.005531435649777
7,53.480961823677596,7.278186585744434
6,43.968676152474266,5.023204008000625
7,53.331632428822616,23.202442493424527
4,26.24084384842614,-6.939873851181469
4,26.05032972398862,-19.644745429988525
8,63.546895978551326,42.3663588646905
6,44.58154192639422,-0.30722544085445946
7,53.46912905219878,24.941271901364104
10,81.9487478412458,92.86258322413306
4,25.85525494302337,-36.369525345623344
6,44.65490271530933,1.6990228398438845
6,44.23047898180802,19.40938212952051
6,44.23350978684293,-1.1586869568514473
11,91.0859005809834,87.86040720805303
6,43.982793059285406,-44.07057873161496
6,44.47381813762084,22.438096686697072
11,90.82627099007208,28.127162533219703
9,72.2301749496846,47.71857226839154
7,53.606141365981564,29.882536832215393
10,81.81572499809964,53.13039836536792
6,44.94362888927057,21.765625626873522
4,25.455907629458466,-38.99377521513832
5,35.42871007029975,21.51783054017589
8,63.17871111675299,42.498850300378045
5,35.57367155416579,-6.661699450008284
8,63.61271973595767,79.6460218697388
7,53.454165383078156,-25.435299593016648
5,35.279919079396215,0.09081861451059936
4,26.059310497968518,-26.61714165363226
6,44.85059810688754,17.014523702300547
5,35.11364109572817,3.4993514688779097
10,82.15153294251917,75.18612234029732
5,35.106371027416685,-2.815987570614422
7,54.03466115642244,46.11798720311184
5,34.93765322420001,-20.708875048065046
7,53.82720852890395,8.835757052397863
4,25.832653744439327,-22.35243799910076
5,34.66827221666843,-6.447375139703914
5,35.31121440129397,-21.803555667627677
10,82.33075499750018,98.44411920666673
5,35.120815412426516,-6.230914572297858
4,26.076774156076656,-14.46208555431236
6,44.87687598530606,18.768431669862867
7,53.4467567013834,7.765627033911653
6,44.78310250795843,6.88960603632626
6,44.52539138536576,-15.898916760684873
4,26.12609366206064,-23.384585526592794
4,25.97703074412801,-14.603226576284015
6,44.68206647866476,-5.803750301906383
7,53.58647518698499,-21.260847420343786
9,71.94635776922199,51.0616891044904
7,54.05819399293539,37.050171874426226
6,44.251920745474045,11.437410514318495
6,44.44426108280366,30.8700146909411
4,25.995265552884636,-28.867899697747916
7,54.056925765032126,-0.8922692693965537
4,26.252080573675798,-5.306917453143608
7,53.645050342859555,39.05472921095399
5,35.226515197321056,-4.679989782771484
7,53.43220718302841,-21.615568577084108
6,44.16869125504489,22.951268843036804
5,34.83510827059647,-42.82300136216088
5,35.089819022721585,-21.038515417539003
5,35.603404761024876,14.923360006333963
7,53.89300489347222,21.469453867843328
7,53.483882902884346,22.988899137140738
8,63.137961143039654,63.409813474830145
8,63.13102588408582,24.529277644983964
8,63.27671951890838,22.80179268564809
7,53.58447129456639,20.707659768341586
6,44.46921377903695,18.97377909871188
8,63.51578029182737,26.927893280348165
5,35.31626641214365,3.3779125790459688
4,26.107082735908154,-14.338663731020638
7,53.949953813336975,47.06156482298876
7,54.095520639615486,35.55032212800746
5,35.11262561904363,9.279704382697345
7,53.72508067050417,-4.615411303029482
7,53.825373392302396,56.10618202103163
9,72.29408969162867,51.935329346629
6,44.74875978087413,19.7676870375389
4,26.232586888582965,-10.987200974928625
6,44.89571426345733,-6.2493669992818575
8,63.45806799877544,51.35233589245476
4,25.5492186421528,-42.35879197424619
4,26.137025330859768,-16.05133470218778
6,44.207904590876836,-5.110961358587261
5,35.2187917668966,-18.756356204334963
7,53.863495365573065,16.65867719380637
5,35.591600146789254,9.387040951038895
6,44.59228637511989,-13.567912486076498
3,16.928282295864086,-43.11668839167831
5,35.088787910703495,-26.134337507797564
5,35.058453781740944,-18.916362119411865
8,63.00085170585537,24.445964845436137
8,63.250715047320476,36.88493309182654
6,44.73338161059215,7.9382413494125394
4,26.01603955962107,-39.88670491740663
6,44.653723426321044,14.379522015311458
6,44.276367958614614,9.291904557916602
6,44.043412765347966,2.7855012435802706
5,34.94254827744492,-21.56712395761263
5,34.83909364054924,-25.696261116721367
5,35.367203487763426,0.2888556999967946
5,34.93742126098202,-3.752098778610658
6,44.540302174308614,12.025922870282908
6,44.58518010316868,-0.026642630148096202
7,53.832384138804606,15.813813667649708
6,44.1204135361741,8.24233735196076
6,44.66577572553883,23.162388669626626
5,35.63624083159881,7.234981388875465
7,53.717895730716535,27.681352513712213
5,35.34949710852678,-2.104402213749781
7,53.89011793042592,31.422305608719036
4,25.700142070775943,-35.859922294957045
6,44.73832353888694,14.874349063888044
5,35.473742006058835,17.593869505938216
6,44.217661551209865,28.468880556494938
5,35.554547877750345,7.1277378425996485
5,35.268220800861236,2.3661903734842493
10,82.05325485622684,51.76141642113899
9,72.25121593942544,26.32823643548876
4,25.879102627465677,-35.348600715007905
5,35.43352450527079,-13.600012449856376
5,34.90232268855073,-6.986098802255965
5,34.83786342265211,0.639515066503348
7,53.931238245096615,41.76006472103743
6,44.026208564085564,-20.168964870523784
6,44.42831986974671,21.222878567665305
6,44.77467261091993,20.53465007104025
8,62.977454325082626,39.92054644846732
5,35.12372812764539,-4.9486892851920175
6,44.26919116637464,13.609935008964909
11,90.47733523431735,69.86511319302757
8,63.37471098743351,62.79485327994709
6,44.50913516531405,-0.4761676003308146
5,34.98329168258662,-25.185628476330095
5,35.03926473974952,-3.173851442337039
4,26.189215630000795,-25.685913550207758
6,44.21567953101744,13.900016152027394
6,44.44843429679762,0.33433629320673397
6,44.75320402070683,13.04142638393305
4,25.58861904238666,-47.634438407138404
6,44.33097848035748,15.359528198088707
6,44.54498146365223,22.74131144986291
7,53.68000790195863,10.695727404419607
7,53.91217616102295,1.7631956722485569
6,44.12539842719766,16.483077434364528
7,54.10361301179378,53.39928807602705
7,53.668709037010416,-13.276140328493835
4,25.996377577139747,-20.87239968843984
4,26.210586906193445,-31.154571193343997
10,81.66677532441867,86.39515478604564
7,54.172744958287225,23.586250985423387
5,35.31429862173743,-2.54069135476575
4,26.277846897705412,-8.776894912474532
8,63.40006684395293,41.85661495274736
8,63.252219906421615,68.61432322818857
7,54.11342311699505,42.97235942544993
6,44.886621510265435,19.326449061952708
7,54.10718240217867,57.43398782465363
5,35.283975322977106,-6.144131239743074
7,54.06840511094964,3.8267830116330543
8,62.9700580150048,-2.192820548610719
6,44.39737268592485,6.860725929670089
8,63.2382741462272,52.6264062946003
5,34.89060433083797,-5.211211132872002
9,72.63087376735965,63.32889259135445
6,44.515102503909915,19.261993878813616
4,26.056453749444792,-26.26433636873262
5,35.02458421999855,-5.677301667939588
6,44.240569151287836,8.0900888514051
5,35.25096315047807,-10.952319575843674
6,44.18432037049772,19.874796061031336
5,34.96780304872602,-4.58098292008807
7,53.99546763258861,45.9011935876035
7,53.760432275964185,14.857878521713001
9,72.76712836010347,35.82287245276365
10,82.1257815640041,77.56820320800873
9,72.47628975704166,53.807085750415155
8,63.45804772109422,49.341669247396105
8,62.92675722104989,34.8717104806869
6,44.76028219477671,22.990129089243446
5,35.18415090680484,0.4581557285551181
6,44.56041252557583,23.33808331701109
7,53.93237480255414,41.66646663674426
4,26.168907274184452,-10.299574389879801
4,26.07625773380195,-34.05770151045627
5,35.24546749857339,-14.504253433265221
6,44.77164184710406,22.580156034696078
6,44.11276443423629,-2.8917368384424096
4,26.035163894388518,-15.89338420513874
7,53.74242882315002,21.142988571846733
5,35.59840254732183,2.9209576449796053
12,100.00653147232063,82.98546557080138
5,35.2795374227788,1.8341469613846701
5,34.971115731730606,-15.709769543104064
4,25.71176755496143,-28.263833058166394
7,53.88878663969026,28.391093819408816
15,128.72497574315133,121.46089053693302
6,44.36401527481302,28.225808200209023
4,26.132197809199553,-13.286177487786603
4,25.898817438317497,-35.4522506660439
6,44.42615900953518,-0.833010286871863
10,82.2938366519047,88.27280562894848
9,72.19945623825394,71.30468008909962
4,26.27821681038846,-11.653471459614053
11,90.88792776134056,79.22359032263684
8,63.074727917221026,26.659450905592504
8,63.176007389859876,63.10463410577482
6,44.77258964832404,0.6355440152935188
8,63.09158045570308,22.641391891149922
7,53.55521377599863,33.15739733164353
5,35.157754522466504,3.376532887647425
5,35.13902558328661,5.728944077702051
9,72.67887848683392,23.90855164556768
5,35.19453429688127,-9.197344008481364
4,25.429846654578927,-45.55116767755021
6,44.40148892213919,19.117990900360564
4,26.16163023593694,-2.637762380746542
4,26.14543693631745,-0.9840509687061547
8,63.18724162925576,58.51351087997324
7,53.76466891406113,23.542037504134637
5,35.16808838499066,-15.951421985676333
9,72.67306012924413,66.74328854862533
4,26.153432297864622,-12.662679557299182
5,35.50511658136117,16.279501245756215
4,25.569373743282046,-46.31869921108548
6,44.29932641145004,-2.1532168763895854
9,72.52539342126262,60.94569471054409
6,44.54666959706354,10.972085695273366
8,62.93602581414908,18.730019921662887
7,53.984780912223655,53.80292062262076
8,63.34515701161183,50.99699666152193
7,53.70088078630706,27.071898726437844
8,62.925034742481856,39.16871638817066
7,53.44713612465312,32.92280948214443
5,35.238407045948705,-9.420380886268545
7,54.32999267048127,12.112637425918628
6,44.80488966433117,14.58074698574253
6,44.79816172039588,24.920158526530102
7,53.40053598420317,31.87025777664532
9,72.33336019060533,30.995482691385504
5,35.287340748696096,2.148177916056307
9,72.15897676498656,53.00357278281541
5,35.07749075533508,-18.367156967242288
5,35.28926149305461,-3.7999234074215904
5,35.3380433105789,11.878184659830968
13,109.52597655961733,77.18929408556534
4,26.011212624895915,-13.974647773404783
7,53.540840039132995,-0.9292283017855265
6,44.71323017114571,13.219697408502181
5,35.47163668493314,6.553774461822527
8,62.920689435844466,22.1198328883312
5,35.010375626904505,-26.68480437628147
8,63.572886890850505,64.3996238757984
5,35.43740519857089,8.115489191211955
8,62.9221654890801,19.716822285755374
5,35.26353974676706,0.7260732747441985
6,44.70934864807262,14.40548530262814
8,62.840030759594576,-12.941578788831524
4,26.124673647701904,0.644872463559949
6,44.56416648827576,6.4771712787141045
6,44.198830630119915,26.570238533923664
5,35.52567849257375,10.801784083996122
7,54.01440133749269,30.88910618587983
8,63.349610949850046,39.99360313442644
7,53.41002861062945,17.67556486516373
9,72.82633308843687,74.56377974057602
7,53.59683616540815,43.23461419240559
9,72.58087638394115,52.000048510506986
7,53.60575127800686,1.984634870347513
5,35.15218426739647,-4.533100492928454
7,53.907215639628696,4.01514849245649
5,34.819761349047205,-44.343919126900374
13,109.90332741731285,86.72253043825734
9,72.20253672078,2.1959346051202004
12,100.84653878603528,80.9939786415301
7,53.73227254099339,13.270100920126225
9,72.169012267327,11.044619813053124
5,35.56032367223428,-5.302628291749416
7,53.590829874995,29.861969548440882
4,26.2284753938968,-19.562093765562544
4,26.066071222143126,-24.51915635585589
4,25.8896893284569,-48.47284903920981
5,34.94076474538724,-16.14952787144088
7,53.64631338600355,0.6901280909040697
6,44.045325896571775,2.842670192252241
6,44.867346162750685,15.414572633035961
5,34.851602040804714,-16.53699450057696
6,44.634824533564284,28.95270700854131
6,43.82259681893504,10.35736919033057
4,25.751390158463018,-31.831669576902932
6,44.30733947373129,5.071778375836768
8,63.46048526857159,49.32442048815013
7,54.247769687177374,31.722362608597614
6,44.35783695425191,33.66274611927489
9,72.34797895969979,39.59842099475004
5,35.49151057084012,13.509618106136088
6,44.689282331136205,11.613853014013042
9,72.7439634739743,67.02493533065415
11,90.70477597407827,85.13595531138866
6,44.120638972176614,18.43891252483044
7,53.788015527417535,-2.1029270404276907
5,35.0575021249059,-1.2494529710800837
10,81.58400819680186,12.94899534259121
7,53.82918046979798,40.531275561497594
7,53.59660422726994,40.87777989349421
6,44.628435521269324,8.54802744137543
7,53.73208247884546,28.68489468438745
7,53.99123397185286,12.091541501988967
9,72.01317966854523,64.25305720748038
6,44.527546207037,23.594044153610138
6,44.76114498435523,29.569434552200565
4,26.252287071523124,-29.342786708355057
9,72.84157709535069,83.19378139707872
7,54.04483705178655,14.322699554022375
9,72.74504353254464,53.126774996120375
5,35.36165702837187,17.980741086120027
5,35.27215967942532,-13.68967985090899
6,44.33115925747105,12.635640199784422
10,81.75574760412532,48.80277000647272
4,25.68698064939636,-54.03486269341776
4,25.681604120519925,-38.04509142556715
9,72.36675396358065,79.3764870349775
4,26.10722859887751,-27.064434109241713
11,91.06341067607995,65.05829955707446
7,54.108520226851354,16.883360312336066
10,81.95902948247507,78.33468866618315
5,35.38574127578241,8.817973986072666
5,34.947799158001935,-7.768418339330187
6,44.65350460890767,39.35972480457069
7,53.90397277006606,31.30584964558045
6,44.16476325705772,13.272750008892668
11,91.08465071357989,79.73418606166041
7,54.24389165482693,56.00994680006711
4,25.788228519583914,-33.891597165343796
8,63.201955415285205,19.929630710042684
12,100.8322692424132,113.52416126899108
9,72.755396599857,80.85144707499511
9,72.64959087022481,81.0679914106367
6,44.66092163073756,22.307515567425234
5,35.14261075779882,11.080334487257895
5,35.48092600770616,-6.472518035417771
6,44.65731559817555,12.428243959754035
6,44.69789615557823,22.461955951079673
5,35.60005473874813,12.323389076313472
12,100.51620248537633,98.85563179883569
4,26.15364115672879,-6.091915159164495
5,34.83343601018804,-41.958547856140775
10,82.39064611912349,97.64518151583707
5,35.61879233401699,-5.340234761356644
10,81.99260017198414,82.27643959559607
5,34.74867096941902,-13.551690603575114
6,44.194855085045994,31.89787840813256
6,44.48573512600157,32.078138879785946
4,25.97144173402323,-2.379438369695851
4,25.88327435647265,-20.199599878857654
7,53.91054979445343,20.36286858610211
8,63.35078983412402,58.756649710675646
5,35.1534979757049,-5.25449856297609
5,34.81031364421387,-17.312202900374864
4,25.644676098190434,-53.39731994352754
8,63.37613669521063,60.819383112216265
4,25.93433756634802,-12.496398481370441
5,35.140429220391425,8.342902876185327
7,53.40611645474769,4.736097358718455
6,44.13933587115134,15.77779289417795
4,26.131744080991787,-10.6509077946232
4,26.138651013653323,-24.289054076715203
9,72.77819149077196,58.648171189956074
7,53.904635744690005,33.47957843287883
5,35.3345322851752,0.6689081545403734
8,63.29875247881131,62.6596050177438
7,54.0414910658425,57.428321978578026
7,53.745894521453415,33.939330253268444
7,54.09691120009972,49.81505733823034
5,35.115768496663826,-12.066394675329892
6,44.22636594786393,1.116627986500335
5,34.561832039348694,-14.931967601703503
5,35.42054044104908,13.599767197445336
10,81.59206277394694,76.31875100685484
6,44.51045296656874,-14.916514268518867
8,63.10126404398914,38.79711038023529
5,35.171035434571436,-19.48562122142424
8,62.95044287354669,45.20168452296182
7,53.59505113442653,37.03736741396885
6,44.5095036028702,16.767066533287093
9,72.31111155318384,40.89150963469723
5,35.29299878007145,-3.2949152998637388
7,54.0593950855824,18.40159195878548
5,35.21855073668379,-13.945884302177927
7,53.92893380794499,55.04105534923848
6,44.78999279025588,11.481273187530526
9,72.90007050616892,68.35559405621669
7,53.92276977089615,1.2398623924353078
7,53.67773482385022,36.29890999996855
5,35.1263568174353,-24.416328348669097
6,44.19726018634214,14.31472172917032
7,53.524994978456675,11.914457994751459
7,54.20067005925537,47.311417135407375
4,26.028596798699464,-25.326477979306226
5,35.01613720723835,-21.267309804124785
5,34.99574847023199,-36.106948989108375
6,44.7744605902482,-6.182864528863394
4,26.16123133388345,-35.26315771149031
5,35.462482159200384,-9.269242559982006
4,26.12014048902567,-3.226823848663299
6,44.32571224792623,-5.641451701379367
7,53.60314104485257,48.58117724413209
5,35.12705389901502,4.853760242822662
6,44.472099316740305,26.956773127933715
3,16.91744581326218,-31.38921863375389
5,35.01023390421228,-18.157522396934436
5,35.37472528646719,10.593973127181645
5,35.173353945435146,-15.779489822262368
4,25.801591455396572,-16.35559101899435
7,54.20241013631193,20.093382346194723
4,26.026714118018585,-12.555596538951827
5,35.44319307737862,-1.1229052547750982
5,35.305809147425244,7.727837409630412
13,109.71247314701324,101.40830417756453
5,34.964621968898484,-8.131028396656692
10,81.56115264841061,17.916575035272515
4,26.293913389442796,-12.256746600529775
5,35.31029307198658,5.226311297820419
6,44.62966106768806,14.477452142762814
4,26.076856704182642,-27.294521070313355
6,44.48302576399809,-3.179947687585985
5,35.32576299984066,14.073369652254884
4,26.27823111593318,-25.373423149781804
4,26.10745047355945,-7.3673466545217146
5,35.206814844408974,-4.071510873349568
6,44.74899552741176,21.516823073819246
6,44.31266479028351,5.398132337317918
6,44.078093303390226,12.499920730927792
7,53.93131497132765,37.277431072380665
5,35.45055129716168,8.445432670194984
6,44.358047185077005,10.676605307693869
6,44.35329093966302,-3.3956538680036665
6,44.5200745796661,9.306769848030092
8,63.15232523339575,30.239614967702433
6,44.394178484297704,3.0199119997911765
5,34.82246579366851,-11.22634094952547
5,35.15004559294427,15.565659734373915
7,53.6715180293351,-4.196251885489657
5,34.845571671130365,-16.49190420131717
8,62.99641034469543,29.592937443041144
11,90.97248396533365,42.77066035499005
